{
  "project_info": {
    "project_number": "44978919721",
    "project_id": "acesso-inteligente-fe5e5",
    "storage_bucket": "acesso-inteligente-fe5e5.firebasestorage.app"
  },
  "client": [
    {
      "client_info": {
        "mobilesdk_app_id": "1:44978919721:android:9306d7068af3464f40ff38",
        "android_client_info": {
          "package_name": "com.example.acessointeligente"
        }
      },
      "oauth_client": [],
      "api_key": [
        {
          "current_key": "AIzaSyAsGQ6Kym5jYP8vI_paHQ0qIxsEBPKRYUA"
        }
      ],
      "services": {
        "appinvite_service": {
          "other_platform_oauth_client": []
        }
      }
    }
  ],
  "configuration_version": "1"
}